SET FOREIGN_KEY_CHECKS = 0;

DROP TABLE IF EXISTS  `b_book`;
CREATE TABLE `b_book` (
  `book_id` int(11) NOT NULL AUTO_INCREMENT,
  `book_title` varchar(255) NOT NULL,
  `book_author` varchar(255) NOT NULL,
  `book_price` float NOT NULL,
  `book_pudate` int(11) NOT NULL,
  `book_status` char(5) NOT NULL,
  `book_desc` text NOT NULL,
  PRIMARY KEY (`book_id`),
  UNIQUE KEY `book_title` (`book_title`)
) ENGINE=InnoDB AUTO_INCREMENT=17 DEFAULT CHARSET=utf8;

insert into `b_book`(`book_id`,`book_title`,`book_author`,`book_price`,`book_pudate`,`book_status`,`book_desc`) values
('1','HTML5','W3C',8.5,'1480490660','true','<p>摘要:HTML5源码,图片特效,翻页</p>
<p>HTML5响应式翻页效果，鼠标移到右上角会看到翻页效果，需要鼠标拖动后翻页，支持ie9+，html5浏览器。&nbsp;<br />　　单页和双页。&nbsp;<br />　　自动播放和暂停。&nbsp;<br />　　点击左右翻页。&nbsp;<br />　　鼠标点击左右页面区域翻页。&nbsp;<br />　　鼠标点击左右页面区域拖拉翻页。&nbsp;<br />　　键盘右右键翻页。&nbsp;<br />　　双击鼠标放大，双击鼠标（或ESC）还原（未提供）。&nbsp;<br />　　文件夹幻灯片放映（未提供）。&nbsp;<br />　　幻灯片播放速度设置。&nbsp;<br />　　目录式导航页面（未提供）。&nbsp;<br />　　文字、图片、视频支持。&nbsp;<br />　　url链接支持。&nbsp;<br />　　自定义背景颜色（未提供）。&nbsp;<br />　　30+背景图案（未提供）。&nbsp;<br />　　台式机及移动设备的工作原理相同。&nbsp;<br />　　可调整大小的书 - downscales来适应器件分辨率。&nbsp;<br />　　无限数量的页面。</p>
'),
('2','Java','Oracle',78.5,'1480490660','false','<p>　　《计算机科学丛书：Java编程思想（第4版）》赢得了全球程序员的广泛赞誉，即使是晦涩的概念，在BruceEckel的文字亲和力和小而直接的编程示例面前也会化解于无形。从Java的基础语法到高级特性（深入的面向对象概念、多线程、自动项目构建、单元测试和调试等），本书都能逐步指导你轻松掌握。<br>　　从《计算机科学丛书：Java编程思想（第4版）》获得的各项大奖以及来自世界各地的读者评论中，不难看出这是一本经典之作。本书的作者拥有多年教学经验，对C、C++以及Java语言都有独到、深入的见解，以通俗易懂及小而直接的示例解释了一个个晦涩抽象的概念。本书共22章，包括操作符、控制执行流程、访问权限控制、复用类、多态、接口、通过异常处理错误、字符串、泛型、数组、容器深入研究、JavaI/O系统、枚举类型、并发以及图形化用户界面等内容。这些丰富的内容，包含了Java语言基础语法以及高级特性，适合各个层次的Java程序员阅读，同时也是高等院校讲授面向对象程序设计语言以及Java语言的好教材和参考书。<br>　　《计算机科学丛书：Java编程思想（第4版）》特点：<br>　　适合初学者与专业人员的经典的面向对象叙述方式，为更新的JavaSE5/6增加了新的示例和章节。<br>　　测验框架显示程序输出。<br>　　设计模式贯穿于众多示例中：适配器、桥接器、职责链、命令、装饰器、外观、工厂方法、享元、点名、数据传输对象、空对象、代理、单例、状态、策略、模板方法以及访问者。<br>　　为数据传输引入了XML，为用户界面引入了SWT和Flash。<br>　　重新撰写了有关并发的章节，有助于读者掌握线程的相关知识。<br>　　专门为第4版以及JavaSE5/6重写了700多个编译文件中的500多个程序。<br>　　支持网站包含了所有源代码、带注解的解决方案指南、网络日志以及多媒体学习资料。<br>　　覆盖了所有基础知识，同时论述了高级特性。<br>　　详细地阐述了面向对象原理。<br>　　在线可获得Java讲座CD，其中包含BruceEckel的全部多媒体讲座。<br>　　在网站上可以观看现场讲座、咨询和评论。<br>　　专门为第4版以及JavaSE5/6重写了700多个编译文件中的500多个程序。<br>　　支持网站包含了所有源代码、带注解的解决方案指南、网络日志以及多媒体学习资料。<br>　　覆盖了所有基础知识，同时论述了高级特性。<br>　　详细地阐述了面向对象原理。</p>'),
('3','iOSdevelopment','Apple',88.5,'1480490660','true','<p>　　《Effective Objective-C 2.0：编写高质量iOS与OS X代码的52个有效方法》是C++开发大师Scott Meyers亲自担当顾问编辑的“Effective Software Development Series”系列丛书中的新作。从语法、接口与API设计、内存管理、框架等7大方面总结和探讨了Objective-C编程中52个鲜为人知和容易被忽视的特性与陷阱。书中包含大量实用范例代码，为编写易于理解、便于维护、易于扩展和高效的Objective-C应用提供了解决方案。<br>　　《Effective Objective-C 2.0：编写高质量iOS与OS X代码的52个有效方法》共7章。第1章通论与Objective-C的核心概念相关的技巧；第2章讲述的技巧与面向对象语言的重要特征（对象、消息和运行期）相关；第3章介绍的技巧与接口和API设计相关；第4章讲述协议与分类相关的技巧；第5章介绍内存管理中易犯的错误以及如何避免犯这些错误；第6章介绍块与大中枢派发相关的技巧；第7章讲解使用Cocoa和Cocoa Touch系统框架时的相关技巧。</p>'),
('4','AngularJS','google',9.8,'1480490660','false','<p>　　本书是Android初学者的入门书。全书由浅入深、系统全面地讲解了Android软件开发的方方面面。<br>　　第1章带领你搭建Android开发环境，完成你的一个Android程序。<br>　　第2至13章完整地讲解了Android开发中的各种基本知识和关键技术，包括四大组件、UI、碎片、广播机制、数据存储、服务、多媒体、网络、定位服务、传感器，以及分布式版本控制系统Git的使用等等。在部分章节会穿插相关技术的高级使用技巧。<br>　　第14章和第15章则将带领你编写一个完整的项目，教会你如何打包、上架、嵌入广告并获得盈利。<br>　　本书内容通俗易懂，既适合初学者循序渐进地阅读，也可作为一本参考手册，随时查阅。</p>'),
('5','HTML55','W3C',8.5,'1480490660','true','<p>摘要:HTML5源码,图片特效,翻页</p>
<p>HTML5响应式翻页效果，鼠标移到右上角会看到翻页效果，需要鼠标拖动后翻页，支持ie9+，html5浏览器。&nbsp;<br />　　单页和双页。&nbsp;<br />　　自动播放和暂停。&nbsp;<br />　　点击左右翻页。&nbsp;<br />　　鼠标点击左右页面区域翻页。&nbsp;<br />　　鼠标点击左右页面区域拖拉翻页。&nbsp;<br />　　键盘右右键翻页。&nbsp;<br />　　双击鼠标放大，双击鼠标（或ESC）还原（未提供）。&nbsp;<br />　　文件夹幻灯片放映（未提供）。&nbsp;<br />　　幻灯片播放速度设置。&nbsp;<br />　　目录式导航页面（未提供）。&nbsp;<br />　　文字、图片、视频支持。&nbsp;<br />　　url链接支持。&nbsp;<br />　　自定义背景颜色（未提供）。&nbsp;<br />　　30+背景图案（未提供）。&nbsp;<br />　　台式机及移动设备的工作原理相同。&nbsp;<br />　　可调整大小的书 - downscales来适应器件分辨率。&nbsp;<br />　　无限数量的页面。</p>
'),
('6','HTML56','W3C',8.5,'1480490660','true','<p>摘要:HTML5源码,图片特效,翻页</p>
<p>HTML5响应式翻页效果，鼠标移到右上角会看到翻页效果，需要鼠标拖动后翻页，支持ie9+，html5浏览器。&nbsp;<br />　　单页和双页。&nbsp;<br />　　自动播放和暂停。&nbsp;<br />　　点击左右翻页。&nbsp;<br />　　鼠标点击左右页面区域翻页。&nbsp;<br />　　鼠标点击左右页面区域拖拉翻页。&nbsp;<br />　　键盘右右键翻页。&nbsp;<br />　　双击鼠标放大，双击鼠标（或ESC）还原（未提供）。&nbsp;<br />　　文件夹幻灯片放映（未提供）。&nbsp;<br />　　幻灯片播放速度设置。&nbsp;<br />　　目录式导航页面（未提供）。&nbsp;<br />　　文字、图片、视频支持。&nbsp;<br />　　url链接支持。&nbsp;<br />　　自定义背景颜色（未提供）。&nbsp;<br />　　30+背景图案（未提供）。&nbsp;<br />　　台式机及移动设备的工作原理相同。&nbsp;<br />　　可调整大小的书 - downscales来适应器件分辨率。&nbsp;<br />　　无限数量的页面。</p>
'),
('7','HTML57','W3C',8.5,'1480490660','true','<p>摘要:HTML5源码,图片特效,翻页</p>
<p>HTML5响应式翻页效果，鼠标移到右上角会看到翻页效果，需要鼠标拖动后翻页，支持ie9+，html5浏览器。&nbsp;<br />　　单页和双页。&nbsp;<br />　　自动播放和暂停。&nbsp;<br />　　点击左右翻页。&nbsp;<br />　　鼠标点击左右页面区域翻页。&nbsp;<br />　　鼠标点击左右页面区域拖拉翻页。&nbsp;<br />　　键盘右右键翻页。&nbsp;<br />　　双击鼠标放大，双击鼠标（或ESC）还原（未提供）。&nbsp;<br />　　文件夹幻灯片放映（未提供）。&nbsp;<br />　　幻灯片播放速度设置。&nbsp;<br />　　目录式导航页面（未提供）。&nbsp;<br />　　文字、图片、视频支持。&nbsp;<br />　　url链接支持。&nbsp;<br />　　自定义背景颜色（未提供）。&nbsp;<br />　　30+背景图案（未提供）。&nbsp;<br />　　台式机及移动设备的工作原理相同。&nbsp;<br />　　可调整大小的书 - downscales来适应器件分辨率。&nbsp;<br />　　无限数量的页面。</p>
'),
('8','HTML58','W3C',8.5,'1480490660','true','<p>摘要:HTML5源码,图片特效,翻页</p>
<p>HTML5响应式翻页效果，鼠标移到右上角会看到翻页效果，需要鼠标拖动后翻页，支持ie9+，html5浏览器。&nbsp;<br />　　单页和双页。&nbsp;<br />　　自动播放和暂停。&nbsp;<br />　　点击左右翻页。&nbsp;<br />　　鼠标点击左右页面区域翻页。&nbsp;<br />　　鼠标点击左右页面区域拖拉翻页。&nbsp;<br />　　键盘右右键翻页。&nbsp;<br />　　双击鼠标放大，双击鼠标（或ESC）还原（未提供）。&nbsp;<br />　　文件夹幻灯片放映（未提供）。&nbsp;<br />　　幻灯片播放速度设置。&nbsp;<br />　　目录式导航页面（未提供）。&nbsp;<br />　　文字、图片、视频支持。&nbsp;<br />　　url链接支持。&nbsp;<br />　　自定义背景颜色（未提供）。&nbsp;<br />　　30+背景图案（未提供）。&nbsp;<br />　　台式机及移动设备的工作原理相同。&nbsp;<br />　　可调整大小的书 - downscales来适应器件分辨率。&nbsp;<br />　　无限数量的页面。</p>
'),
('9','HTML59','W3C',8.5,'1480490660','true','<p>摘要:HTML5源码,图片特效,翻页</p>
<p>HTML5响应式翻页效果，鼠标移到右上角会看到翻页效果，需要鼠标拖动后翻页，支持ie9+，html5浏览器。&nbsp;<br />　　单页和双页。&nbsp;<br />　　自动播放和暂停。&nbsp;<br />　　点击左右翻页。&nbsp;<br />　　鼠标点击左右页面区域翻页。&nbsp;<br />　　鼠标点击左右页面区域拖拉翻页。&nbsp;<br />　　键盘右右键翻页。&nbsp;<br />　　双击鼠标放大，双击鼠标（或ESC）还原（未提供）。&nbsp;<br />　　文件夹幻灯片放映（未提供）。&nbsp;<br />　　幻灯片播放速度设置。&nbsp;<br />　　目录式导航页面（未提供）。&nbsp;<br />　　文字、图片、视频支持。&nbsp;<br />　　url链接支持。&nbsp;<br />　　自定义背景颜色（未提供）。&nbsp;<br />　　30+背景图案（未提供）。&nbsp;<br />　　台式机及移动设备的工作原理相同。&nbsp;<br />　　可调整大小的书 - downscales来适应器件分辨率。&nbsp;<br />　　无限数量的页面。</p>
'),
('11','HTML60','W3C',8.5,'1480490660','true','<p>摘要:HTML5源码,图片特效,翻页</p>
<p>HTML5响应式翻页效果，鼠标移到右上角会看到翻页效果，需要鼠标拖动后翻页，支持ie9+，html5浏览器。&nbsp;<br />　　单页和双页。&nbsp;<br />　　自动播放和暂停。&nbsp;<br />　　点击左右翻页。&nbsp;<br />　　鼠标点击左右页面区域翻页。&nbsp;<br />　　鼠标点击左右页面区域拖拉翻页。&nbsp;<br />　　键盘右右键翻页。&nbsp;<br />　　双击鼠标放大，双击鼠标（或ESC）还原（未提供）。&nbsp;<br />　　文件夹幻灯片放映（未提供）。&nbsp;<br />　　幻灯片播放速度设置。&nbsp;<br />　　目录式导航页面（未提供）。&nbsp;<br />　　文字、图片、视频支持。&nbsp;<br />　　url链接支持。&nbsp;<br />　　自定义背景颜色（未提供）。&nbsp;<br />　　30+背景图案（未提供）。&nbsp;<br />　　台式机及移动设备的工作原理相同。&nbsp;<br />　　可调整大小的书 - downscales来适应器件分辨率。&nbsp;<br />　　无限数量的页面。</p>
'),
('12','HTML61','W3C',8.5,'1480490660','true','<p>摘要:HTML5源码,图片特效,翻页</p>
<p>HTML5响应式翻页效果，鼠标移到右上角会看到翻页效果，需要鼠标拖动后翻页，支持ie9+，html5浏览器。&nbsp;<br />　　单页和双页。&nbsp;<br />　　自动播放和暂停。&nbsp;<br />　　点击左右翻页。&nbsp;<br />　　鼠标点击左右页面区域翻页。&nbsp;<br />　　鼠标点击左右页面区域拖拉翻页。&nbsp;<br />　　键盘右右键翻页。&nbsp;<br />　　双击鼠标放大，双击鼠标（或ESC）还原（未提供）。&nbsp;<br />　　文件夹幻灯片放映（未提供）。&nbsp;<br />　　幻灯片播放速度设置。&nbsp;<br />　　目录式导航页面（未提供）。&nbsp;<br />　　文字、图片、视频支持。&nbsp;<br />　　url链接支持。&nbsp;<br />　　自定义背景颜色（未提供）。&nbsp;<br />　　30+背景图案（未提供）。&nbsp;<br />　　台式机及移动设备的工作原理相同。&nbsp;<br />　　可调整大小的书 - downscales来适应器件分辨率。&nbsp;<br />　　无限数量的页面。</p>
'),
('13','HTML62','W3C',8.5,'1480490660','true','<p>摘要:HTML5源码,图片特效,翻页</p>
<p>HTML5响应式翻页效果，鼠标移到右上角会看到翻页效果，需要鼠标拖动后翻页，支持ie9+，html5浏览器。&nbsp;<br />　　单页和双页。&nbsp;<br />　　自动播放和暂停。&nbsp;<br />　　点击左右翻页。&nbsp;<br />　　鼠标点击左右页面区域翻页。&nbsp;<br />　　鼠标点击左右页面区域拖拉翻页。&nbsp;<br />　　键盘右右键翻页。&nbsp;<br />　　双击鼠标放大，双击鼠标（或ESC）还原（未提供）。&nbsp;<br />　　文件夹幻灯片放映（未提供）。&nbsp;<br />　　幻灯片播放速度设置。&nbsp;<br />　　目录式导航页面（未提供）。&nbsp;<br />　　文字、图片、视频支持。&nbsp;<br />　　url链接支持。&nbsp;<br />　　自定义背景颜色（未提供）。&nbsp;<br />　　30+背景图案（未提供）。&nbsp;<br />　　台式机及移动设备的工作原理相同。&nbsp;<br />　　可调整大小的书 - downscales来适应器件分辨率。&nbsp;<br />　　无限数量的页面。</p>
'),
('14','HTML63','W3C',8.5,'1480490660','true','<p>摘要:HTML5源码,图片特效,翻页</p>
<p>HTML5响应式翻页效果，鼠标移到右上角会看到翻页效果，需要鼠标拖动后翻页，支持ie9+，html5浏览器。&nbsp;<br />　　单页和双页。&nbsp;<br />　　自动播放和暂停。&nbsp;<br />　　点击左右翻页。&nbsp;<br />　　鼠标点击左右页面区域翻页。&nbsp;<br />　　鼠标点击左右页面区域拖拉翻页。&nbsp;<br />　　键盘右右键翻页。&nbsp;<br />　　双击鼠标放大，双击鼠标（或ESC）还原（未提供）。&nbsp;<br />　　文件夹幻灯片放映（未提供）。&nbsp;<br />　　幻灯片播放速度设置。&nbsp;<br />　　目录式导航页面（未提供）。&nbsp;<br />　　文字、图片、视频支持。&nbsp;<br />　　url链接支持。&nbsp;<br />　　自定义背景颜色（未提供）。&nbsp;<br />　　30+背景图案（未提供）。&nbsp;<br />　　台式机及移动设备的工作原理相同。&nbsp;<br />　　可调整大小的书 - downscales来适应器件分辨率。&nbsp;<br />　　无限数量的页面。</p>
'),
('15','HTML64','W3C',8.5,'1480490660','true','<p>摘要:HTML5源码,图片特效,翻页</p>
<p>HTML5响应式翻页效果，鼠标移到右上角会看到翻页效果，需要鼠标拖动后翻页，支持ie9+，html5浏览器。&nbsp;<br />　　单页和双页。&nbsp;<br />　　自动播放和暂停。&nbsp;<br />　　点击左右翻页。&nbsp;<br />　　鼠标点击左右页面区域翻页。&nbsp;<br />　　鼠标点击左右页面区域拖拉翻页。&nbsp;<br />　　键盘右右键翻页。&nbsp;<br />　　双击鼠标放大，双击鼠标（或ESC）还原（未提供）。&nbsp;<br />　　文件夹幻灯片放映（未提供）。&nbsp;<br />　　幻灯片播放速度设置。&nbsp;<br />　　目录式导航页面（未提供）。&nbsp;<br />　　文字、图片、视频支持。&nbsp;<br />　　url链接支持。&nbsp;<br />　　自定义背景颜色（未提供）。&nbsp;<br />　　30+背景图案（未提供）。&nbsp;<br />　　台式机及移动设备的工作原理相同。&nbsp;<br />　　可调整大小的书 - downscales来适应器件分辨率。&nbsp;<br />　　无限数量的页面。</p>
'),
('16','HTML65','W3C',8.5,'1480490660','true','<p>摘要:HTML5源码,图片特效,翻页</p>
<p>HTML5响应式翻页效果，鼠标移到右上角会看到翻页效果，需要鼠标拖动后翻页，支持ie9+，html5浏览器。&nbsp;<br />　　单页和双页。&nbsp;<br />　　自动播放和暂停。&nbsp;<br />　　点击左右翻页。&nbsp;<br />　　鼠标点击左右页面区域翻页。&nbsp;<br />　　鼠标点击左右页面区域拖拉翻页。&nbsp;<br />　　键盘右右键翻页。&nbsp;<br />　　双击鼠标放大，双击鼠标（或ESC）还原（未提供）。&nbsp;<br />　　文件夹幻灯片放映（未提供）。&nbsp;<br />　　幻灯片播放速度设置。&nbsp;<br />　　目录式导航页面（未提供）。&nbsp;<br />　　文字、图片、视频支持。&nbsp;<br />　　url链接支持。&nbsp;<br />　　自定义背景颜色（未提供）。&nbsp;<br />　　30+背景图案（未提供）。&nbsp;<br />　　台式机及移动设备的工作原理相同。&nbsp;<br />　　可调整大小的书 - downscales来适应器件分辨率。&nbsp;<br />　　无限数量的页面。</p>
');
DROP TABLE IF EXISTS  `b_images`;
CREATE TABLE `b_images` (
  `image_id` int(11) NOT NULL AUTO_INCREMENT,
  `image_name` varchar(500) NOT NULL,
  `book_id` int(11) NOT NULL,
  PRIMARY KEY (`image_id`,`book_id`),
  KEY `book_id` (`book_id`),
  CONSTRAINT `b_images_ibfk_1` FOREIGN KEY (`book_id`) REFERENCES `b_book` (`book_id`)
) ENGINE=InnoDB AUTO_INCREMENT=19 DEFAULT CHARSET=utf8;

insert into `b_images`(`image_id`,`image_name`,`book_id`) values
('2','1.jpg','1'),
('3','3.jpg','3'),
('4','4.jpg','4'),
('5','2.jpg','2'),
('6','5.jpg','5'),
('7','6.jpg','6'),
('8','7.jpg','7'),
('9','8.jpg','8'),
('10','5.jpg','9'),
('13','6.jpg','11'),
('14','7.jpg','12'),
('15','8.jpg','13'),
('16','5.jpg','14'),
('17','6.jpg','15'),
('18','7.jpg','16');
DROP TABLE IF EXISTS  `b_order`;
CREATE TABLE `b_order` (
  `order_id` int(11) NOT NULL AUTO_INCREMENT,
  `user_id` int(11) NOT NULL,
  PRIMARY KEY (`order_id`,`user_id`),
  KEY `order_id` (`order_id`)
) ENGINE=InnoDB AUTO_INCREMENT=42 DEFAULT CHARSET=utf8;

insert into `b_order`(`order_id`,`user_id`) values
('31','39'),
('33','41'),
('35','35'),
('37','35'),
('41','40');
DROP TABLE IF EXISTS  `b_orderdetail`;
CREATE TABLE `b_orderdetail` (
  `orderdetail_id` int(11) NOT NULL AUTO_INCREMENT,
  `order_id` int(11) NOT NULL,
  `book_id` int(11) NOT NULL,
  `book_num` int(11) NOT NULL,
  PRIMARY KEY (`orderdetail_id`,`order_id`,`book_id`),
  KEY `order_id` (`order_id`),
  CONSTRAINT `b_orderdetail_ibfk_1` FOREIGN KEY (`order_id`) REFERENCES `b_order` (`order_id`) ON DELETE CASCADE ON UPDATE CASCADE
) ENGINE=InnoDB AUTO_INCREMENT=51 DEFAULT CHARSET=utf8;

insert into `b_orderdetail`(`orderdetail_id`,`order_id`,`book_id`,`book_num`) values
('38','31','2','1'),
('40','33','1','1'),
('42','35','1','1'),
('43','35','2','1'),
('46','37','2','4'),
('50','41','1','1');
DROP TABLE IF EXISTS  `b_relatebook`;
CREATE TABLE `b_relatebook` (
  `bookrelate_id` int(11) NOT NULL AUTO_INCREMENT,
  `book_id` int(11) NOT NULL,
  `relate_bookid` int(11) NOT NULL,
  PRIMARY KEY (`bookrelate_id`)
) ENGINE=InnoDB AUTO_INCREMENT=13 DEFAULT CHARSET=utf8;

insert into `b_relatebook`(`bookrelate_id`,`book_id`,`relate_bookid`) values
('1','1','2'),
('2','1','3'),
('3','1','4'),
('4','2','1'),
('5','2','3'),
('6','2','4'),
('7','3','1'),
('8','3','2'),
('9','3','4'),
('10','4','1'),
('11','4','2'),
('12','4','3');
DROP TABLE IF EXISTS  `b_user`;
CREATE TABLE `b_user` (
  `user_id` int(11) NOT NULL AUTO_INCREMENT,
  `user_name` varchar(255) NOT NULL,
  `user_password` varchar(255) NOT NULL,
  `user_tel` char(11) NOT NULL,
  `user_sex` char(1) NOT NULL,
  PRIMARY KEY (`user_id`)
) ENGINE=InnoDB AUTO_INCREMENT=43 DEFAULT CHARSET=utf8;

insert into `b_user`(`user_id`,`user_name`,`user_password`,`user_tel`,`user_sex`) values
('35','tanmin','4297f44b13955235245b2497399d7a93','18852951203','w'),
('39','yangjie','e10adc3949ba59abbe56e057f20f883e','18852951175','m'),
('40','david1','e10adc3949ba59abbe56e057f20f883e','18852951203','w'),
('41','abcdef','e10adc3949ba59abbe56e057f20f883e','18852951175','m'),
('42','tomtom','e10adc3949ba59abbe56e057f20f883e','18852951203','m');
DROP TABLE IF EXISTS  `s_image`;
CREATE TABLE `s_image` (
  `image_id` int(11) NOT NULL AUTO_INCREMENT,
  `pro_id` int(11) NOT NULL,
  `image_name` varchar(255) NOT NULL,
  `image_path` varchar(255) NOT NULL,
  `image_addtime` int(11) NOT NULL,
  PRIMARY KEY (`image_id`,`pro_id`),
  UNIQUE KEY `image_name` (`image_name`),
  KEY `pro_id` (`pro_id`),
  CONSTRAINT `s_image_ibfk_1` FOREIGN KEY (`pro_id`) REFERENCES `s_product` (`pro_id`) ON DELETE CASCADE ON UPDATE CASCADE
) ENGINE=InnoDB AUTO_INCREMENT=64 DEFAULT CHARSET=utf8;

insert into `s_image`(`image_id`,`pro_id`,`image_name`,`image_path`,`image_addtime`) values
('63','106','123.jpg','','1479813160');
DROP TABLE IF EXISTS  `s_product`;
CREATE TABLE `s_product` (
  `pro_id` int(11) NOT NULL AUTO_INCREMENT,
  `pro_name` varchar(200) NOT NULL,
  `pro_price` double(10,2) NOT NULL,
  `pro_desc` text NOT NULL,
  `pro_addtime` int(11) NOT NULL,
  `pro_oldprice` double NOT NULL,
  `pro_number` int(11) NOT NULL,
  `pro_time` timestamp NOT NULL DEFAULT CURRENT_TIMESTAMP,
  PRIMARY KEY (`pro_id`),
  UNIQUE KEY `pro_name` (`pro_name`)
) ENGINE=InnoDB AUTO_INCREMENT=110 DEFAULT CHARSET=utf8;

insert into `s_product`(`pro_id`,`pro_name`,`pro_price`,`pro_desc`,`pro_addtime`,`pro_oldprice`,`pro_number`,`pro_time`) values
('8','iPhone42111','6040','很实用也很贵','1479711760','6080','1','2016-11-21 15:02:40'),
('11','iPhone7','6070','很实用也很贵','1479711760','6140','1','2016-11-21 15:02:40'),
('12','iPhone8','6080','很实用也很贵','1479711760','6160','1','2016-11-21 15:02:40'),
('13','iPhone9','6090','很实用也很贵','1479711760','6180','1','2016-11-21 15:02:40'),
('14','iPhone10','6100','很实用也很贵','1479711760','6200','1','2016-11-21 15:02:40'),
('15','iPhone11','6110','很实用也很贵','1479711760','6220','1','2016-11-21 15:02:40'),
('16','iPhone12','6120','很实用也很贵','1479711760','6240','1','2016-11-21 15:02:40'),
('17','iPhone13','6130','很实用也很贵','1479711760','6260','1','2016-11-21 15:02:40'),
('18','iPhone14','6140','很实用也很贵','1479711760','6280','1','2016-11-21 15:02:40'),
('19','iPhone15','6150','很实用也很贵','1479711760','6300','1','2016-11-21 15:02:40'),
('20','iPhone16','6160','很实用也很贵','1479711760','6320','1','2016-11-21 15:02:40'),
('21','iPhone17','6170','很实用也很贵','1479711760','6340','1','2016-11-21 15:02:40'),
('22','iPhone18','6180','很实用也很贵','1479711760','6360','180','2016-11-21 15:02:40'),
('23','iPhone19','6190','很实用也很贵','1479711760','6380','190','2016-11-21 15:02:40'),
('24','iPhone20','6200','很实用也很贵','1479711760','6400','200','2016-11-21 15:02:40'),
('25','iPhone21','6210','很实用也很贵','1479711760','6420','210','2016-11-21 15:02:40'),
('26','iPhoneasdasd','6220','很实用也很贵','1479711760','6440','220','2016-11-21 15:02:40'),
('27','iPhone23','6230','很实用也很贵','1479711760','6460','230','2016-11-21 15:02:40'),
('28','iPhone24','6240','很实用也很贵','1479711760','6480','240','2016-11-21 15:02:40'),
('29','iPhone25111','6250','很实用也很贵','1479711760','6500','250','2016-11-21 15:02:40'),
('30','iPhone26','6260','很实用也很贵','1479711760','6520','260','2016-11-21 15:02:40'),
('31','iPhone27','6270','很实用也很贵','1479711760','6540','270','2016-11-21 15:02:40'),
('32','iPhone28','6280','很实用也很贵','1479711760','6560','280','2016-11-21 15:02:40'),
('33','iPhone29','6290','很实用也很贵','1479711760','6580','290','2016-11-21 15:02:40'),
('34','iPhone30','6300','很实用也很贵','1479711760','6600','300','2016-11-21 15:02:40'),
('35','iPhone31','6310','很实用也很贵','1479711760','6620','310','2016-11-21 15:02:40'),
('36','iPhone32','6320','很实用也很贵','1479711760','6640','320','2016-11-21 15:02:40'),
('37','iPhone33','6330','很实用也很贵','1479711760','6660','330','2016-11-21 15:02:40'),
('38','iPhone34','6340','很实用也很贵','1479711760','6680','340','2016-11-21 15:02:40'),
('39','iPhone35','6350','很实用也很贵','1479711760','6700','350','2016-11-21 15:02:40'),
('40','iPhone36','6360','很实用也很贵','1479711760','6720','360','2016-11-21 15:02:40'),
('41','iPhone37','6370','很实用也很贵','1479711760','6740','370','2016-11-21 15:02:40'),
('42','iPhone38','6380','很实用也很贵','1479711760','6760','380','2016-11-21 15:02:40'),
('43','iPhone39','6390','很实用也很贵','1479711760','6780','390','2016-11-21 15:02:40'),
('44','iPhone40','6400','很实用也很贵','1479711760','6800','400','2016-11-21 15:02:40'),
('45','iPhone41','6410','很实用也很贵','1479711760','6820','410','2016-11-21 15:02:40'),
('46','iPhone42','6420','很实用也很贵','1479711760','6840','420','2016-11-21 15:02:40'),
('47','iPhone43','6430','很实用也很贵','1479711760','6860','430','2016-11-21 15:02:40'),
('48','iPhone44','6440','很实用也很贵','1479711760','6880','440','2016-11-21 15:02:40'),
('50','iPhone46','6460','很实用也很贵','1479711760','6920','460','2016-11-21 15:02:40'),
('51','iPhone47','6470','很实用也很贵','1479711760','6940','470','2016-11-21 15:02:40'),
('52','iPhone48','6480','很实用也很贵','1479711760','6960','480','2016-11-21 15:02:40'),
('53','iPhone49','6490','很实用也很贵','1479711760','6980','490','2016-11-21 15:02:40'),
('54','iPhone50','6500','很实用也很贵','1479711760','7000','500','2016-11-21 15:02:40'),
('55','iPhone51','6510','很实用也很贵','1479711760','7020','510','2016-11-21 15:02:40'),
('56','iPhone52','6520','很实用也很贵','1479711760','7040','520','2016-11-21 15:02:40'),
('57','iPhone53','6530','很实用也很贵','1479711760','7060','530','2016-11-21 15:02:40'),
('58','iPhone54','6540','很实用也很贵','1479711760','7080','540','2016-11-21 15:02:40'),
('59','iPhone55','6550','很实用也很贵','1479711760','7100','550','2016-11-21 15:02:40'),
('60','iPhone56','6560','很实用也很贵','1479711760','7120','560','2016-11-21 15:02:40'),
('61','iPhone57','6570','很实用也很贵','1479711760','7140','570','2016-11-21 15:02:40'),
('62','iPhone58','6580','很实用也很贵','1479711760','7160','580','2016-11-21 15:02:40'),
('63','iPhone59','6590','很实用也很贵','1479711760','7180','590','2016-11-21 15:02:40'),
('64','iPhone60','6600','很实用也很贵','1479711760','7200','600','2016-11-21 15:02:40'),
('65','iPhone61','6610','很实用也很贵','1479711760','7220','610','2016-11-21 15:02:40'),
('66','iPhone62','6620','很实用也很贵','1479711760','7240','620','2016-11-21 15:02:40'),
('67','iPhone63','6630','很实用也很贵','1479711760','7260','630','2016-11-21 15:02:40'),
('68','iPhone64','6640','很实用也很贵','1479711760','7280','640','2016-11-21 15:02:40'),
('69','iPhone65','6650','很实用也很贵','1479711760','7300','650','2016-11-21 15:02:40'),
('70','iPhone66','6660','很实用也很贵','1479711760','7320','660','2016-11-21 15:02:40'),
('71','iPhone67','6670','很实用也很贵','1479711760','7340','670','2016-11-21 15:02:40'),
('72','iPhone68','6680','很实用也很贵','1479711760','7360','680','2016-11-21 15:02:40'),
('73','iPhone69','6690','很实用也很贵','1479711760','7380','690','2016-11-21 15:02:40'),
('74','iPhone70','6700','很实用也很贵','1479711760','7400','700','2016-11-21 15:02:40'),
('75','iPhone71','6710','很实用也很贵','1479711760','7420','710','2016-11-21 15:02:40'),
('76','iPhone72','6720','很实用也很贵','1479711760','7440','720','2016-11-21 15:02:40'),
('77','iPhone73','6730','很实用也很贵','1479711760','7460','730','2016-11-21 15:02:40'),
('78','iPhone74','6740','很实用也很贵','1479711760','7480','740','2016-11-21 15:02:40'),
('79','iPhone75','6750','很实用也很贵','1479711760','7500','750','2016-11-21 15:02:40'),
('80','iPhone76','6760','很实用也很贵','1479711760','7520','760','2016-11-21 15:02:40'),
('81','iPhone77','6770','很实用也很贵','1479711760','7540','770','2016-11-21 15:02:40'),
('82','iPhone78','6780','很实用也很贵','1479711760','7560','780','2016-11-21 15:02:40'),
('83','iPhone79','6790','很实用也很贵','1479711760','7580','790','2016-11-21 15:02:40'),
('84','iPhone80','6800','很实用也很贵','1479711760','7600','800','2016-11-21 15:02:40'),
('85','iPhone81','6810','很实用也很贵','1479711760','7620','810','2016-11-21 15:02:40'),
('86','iPhone82','6820','很实用也很贵','1479711760','7640','820','2016-11-21 15:02:40'),
('87','iPhone83','6830','很实用也很贵','1479711760','7660','830','2016-11-21 15:02:40'),
('88','iPhone84','6840','很实用也很贵','1479711760','7680','840','2016-11-21 15:02:40'),
('89','iPhone85','6850','很实用也很贵','1479711760','7700','850','2016-11-21 15:02:40'),
('90','iPhone86','6860','很实用也很贵','1479711760','7720','860','2016-11-21 15:02:40'),
('91','iPhone87','6870','很实用也很贵','1479711760','7740','870','2016-11-21 15:02:40'),
('92','iPhone88','6880','很实用也很贵','1479711760','7760','880','2016-11-21 15:02:40'),
('93','iPhone123132','6890','很实用也很贵','1479711760','7780','890','2016-11-21 15:02:40'),
('95','iPhone91','6910','很实用也很贵','1479711760','7820','910','2016-11-21 15:02:40'),
('96','iPhone92','6920','很实用也很贵','1479711760','7840','920','2016-11-21 15:02:40'),
('97','iPhone93','6930','很实用也很贵','1479711760','7860','930','2016-11-21 15:02:40'),
('98','iPhone9400','6940','很实用也很贵','1479711760','7880','940','2016-11-21 15:02:40'),
('99','iPhone9500','6950','很实用也很贵','1479711760','7900','950','2016-11-21 15:02:40'),
('104','123214','12','12','1479716511','12','12','2016-11-21 16:21:51'),
('106','asd','123','asd','1479776564','123','123','2016-11-22 09:02:44'),
('108','xiaomi123','129129','dfsadf','1479881760','179912','100','2016-11-23 14:16:00'),
('109','yjsbS','123','123','1483714435','123','123','2017-01-06 22:53:56');
DROP TABLE IF EXISTS  `s_user`;
CREATE TABLE `s_user` (
  `u_id` int(11) NOT NULL AUTO_INCREMENT,
  `u_name` varchar(200) NOT NULL,
  `u_password` varchar(200) NOT NULL,
  `u_addtime` int(11) NOT NULL,
  `u_email` varchar(255) DEFAULT NULL,
  `u_tel` varchar(11) DEFAULT NULL,
  PRIMARY KEY (`u_id`),
  UNIQUE KEY `u_name` (`u_name`)
) ENGINE=InnoDB AUTO_INCREMENT=34 DEFAULT CHARSET=utf8;

insert into `s_user`(`u_id`,`u_name`,`u_password`,`u_addtime`,`u_email`,`u_tel`) values
('3','david1','e10adc3949ba59abbe56e057f20f883e','1479363763','834501981@qq.com','11111111111'),
('4','asd123','63ee451939ed580ef3c4b6f0109d1fd0','1479986998','834501981@qq.com','18852951203'),
('32','qweqwe','63ee451939ed580ef3c4b6f0109d1fd0','1480599542','132132@11.com','18989890890'),
('33','tmtmtm','63ee451939ed580ef3c4b6f0109d1fd0','1480665618','123123@qq.com','18852951203');
DROP TABLE IF EXISTS  `t_bed`;
CREATE TABLE `t_bed` (
  `bed_id` int(11) NOT NULL AUTO_INCREMENT,
  `bed_type` int(11) NOT NULL,
  `bed_support` varchar(255) NOT NULL,
  `bed_price` decimal(10,0) NOT NULL,
  `bed_info` varchar(255) NOT NULL,
  `bed_wifi` int(11) NOT NULL,
  `bed_food` int(11) NOT NULL,
  `hotel_id` int(11) NOT NULL,
  PRIMARY KEY (`bed_id`),
  KEY `bed_hotel_id` (`hotel_id`),
  CONSTRAINT `bed_hotel_id` FOREIGN KEY (`hotel_id`) REFERENCES `t_hotel` (`hotel_id`) ON DELETE CASCADE ON UPDATE CASCADE
) ENGINE=InnoDB AUTO_INCREMENT=34 DEFAULT CHARSET=utf8;

insert into `t_bed`(`bed_id`,`bed_type`,`bed_support`,`bed_price`,`bed_info`,`bed_wifi`,`bed_food`,`hotel_id`) values
('4','0','艺龙','200','房间20O | 大床 | 可住：1人 | 楼层：1-3层','0','1','1'),
('5','1','艺龙','260','房间20O | 大/双床 | 可住：2人 | 楼层：1-3层','0','1','1'),
('6','2','艺龙','260','房间20O | 大床 | 可住：2人 | 楼层：1-3层','0','0','1'),
('7','0','艺龙','400','房间20O | 大床1.3米 | 可住：1人 | 楼层：2-15层','0','1','2'),
('8','1','艺龙','360','房间20O | 双床1.3米 | 可住：2人 | 楼层：2-15层','0','0','2'),
('9','2','艺龙','360','房间20O | 大床1.8米 | 可住：2人 | 楼层：2-15层','0','0','2'),
('10','0','艺龙','400','房间26O | 床1.2米 | 可住：1人 | 楼层：1-3层','0','0','3'),
('11','1','艺龙','500','房间26O | 双床1.2米 | 可住：2人 | 楼层：1-3层','0','0','3'),
('12','2','艺龙','500','房间30O | 大床1.5米 | 可住：2人 | 楼层：11-18层','0','0','3'),
('13','0','艺龙','450','房间20O | 大床1.5米 | 可住：1人 | 楼层：3-15层','0','0','4'),
('14','1','艺龙','500','房间20O | 双床1.5米 | 可住：2人 | 楼层：3-15层','0','0','4'),
('15','2','艺龙','500','房间20O | 大床2米 | 可住：2人 | 楼层：3-15层','0','0','4'),
('16','0','艺龙','450','房间20O | 大床1.2米 | 可住：1人 | 楼层：9-11层','0','0','5'),
('17','1','艺龙','528','房间20O | 双床1.2米 | 可住：2人 | 楼层：9-11层','0','0','5'),
('18','2','艺龙','528','房间20O | 大床1.8米 | 可住：2人 | 楼层：9-11层','0','0','5'),
('19','0','艺龙','300','房间20O | 床1.3米 | 可住：1人 | 楼层：3-6层','0','1','6'),
('20','1','艺龙','500','房间39O | 双床1.3米 | 可住：2人 | 楼层：3-6层','0','1','6'),
('21','2','艺龙','500','房间39O | 床2米 | 可住：2人 | 楼层：3-6层','0','1','6'),
('22','0','3123','1312','12','0','0','7'),
('23','1','123','123','123','0','0','7'),
('24','2','123','123','123','0','0','7'),
('25','0','艺龙','88','房间15O | 床1.2米 | 可住：1人 | 楼层：1层','0','0','8'),
('26','1','艺龙','150','房间15O | 双床1.2米 | 可住：2人 | 楼层：1层','0','0','8'),
('27','2','艺龙','100','房间15O | 大床1.5米 | 可住：2人 | 楼层：1层','0','0','8'),
('28','0','艺龙','350','房间25O | 床 | 可住：1人 | 楼层：1-6层','0','0','9'),
('29','1','艺龙','450','房间25O | 双床 | 可住：2人 | 楼层：1-6层','0','0','9'),
('30','2','艺龙','420','房间25O | 大床 | 可住：2人 | 楼层：1-6层','0','0','9'),
('31','0','艺龙','400','房间20O | 床 | 可住：人 | 楼层：1-2层','0','0','10'),
('32','1','艺龙','500','房间45O | 双床 | 可住：2人 | 楼层：1-2层','0','0','10'),
('33','2','艺龙','400','房间20O | 床 | 可住：2人 | 楼层：1-2层','0','0','10');
SET FOREIGN_KEY_CHECKS = 1;

